{"5.0": [[[-0.8493564206776597, 1.0], [-1.69111385831398, 2.0], [-2.315485015381113, 3.0], [-2.8998445021191133, 4.0], [-3.329996733382468, 5.0], [3.179880832919363, 5.0], [2.8579449043879515, 4.0], [2.407998876533319, 3.0], [1.8191770139055718, 2.0], [1.0923319480181632, 1.0], [-0.8493564206776597, 1.0]], [[0.17550241711354664, 1.0], [0.5932530309594908, 2.0], [1.1703443796281663, 3.0], [1.688172759476259, 4.0], [3.969402166525618, 5.0], [4.163426991106638, 5.0], [1.7527670105562525, 4.0], [1.2982975058391748, 3.0], [0.62844102754201, 2.0], [0.21048587411035014, 1.0], [0.17550241711354664, 1.0]]], "9.0": [[[-0.41374192554544376, 1.0], [-0.12175127345425274, 2.0], [0.4379053601341596, 3.0], [1.0001437331726877, 4.0], [1.3989329344162122, 5.0], [1.6242885571966426, 6.0], [1.8427370994859213, 7.0], [2.261074977665251, 8.0], [2.6342552510500847, 9.0], [11.978330982467018, 9.0], [9.242667289512717, 8.0], [7.9410026387656485, 7.0], [6.529691205716137, 6.0], [5.421111066704853, 5.0], [4.840944594280318, 4.0], [4.189429048085943, 3.0], [3.3998644585144078, 2.0], [2.593056063800949, 1.0], [-0.41374192554544376, 1.0]]], "6.0": [[[-0.04379866275952693, 1.0], [0.1392774027998387, 2.0], [0.11232926309717928, 3.0], [0.08362071743614408, 4.0], [-0.025493044881786275, 5.0], [-0.2596540243344858, 6.0], [6.124331131277936, 6.0], [4.810796759574492, 5.0], [4.133177762335055, 4.0], [2.601473983049212, 3.0], [2.006487560127159, 2.0], [1.3391571002315772, 1.0], [-0.04379866275952693, 1.0]], [[-0.7840894965588592, 1.0], [-1.527932577432889, 2.0], [-2.3447542901070735, 3.0], [-3.2895142966539876, 4.0], [-4.284902413230908, 5.0], [-5.2184637903923985, 6.0], [5.254372472034417, 6.0], [3.7896178561042264, 5.0], [2.8387032358790076, 4.0], [2.1468062200572158, 3.0], [1.6182939774434928, 2.0], [0.9637181447460508, 1.0], [-0.7840894965588592, 1.0]], [[-0.35403559323107503, 1.0], [-0.6349895672795756, 2.0], [-0.8943569063887107, 3.0], [-1.1771108033399367, 4.0], [-1.3643359057735231, 5.0], [-1.450887893345346, 6.0], [4.607294970255896, 6.0], [5.068896784716372, 5.0], [4.291985868250096, 4.0], [3.389357755785891, 3.0], [2.4978911227391567, 2.0], [1.4704225783642637, 1.0], [-0.35403559323107503, 1.0]]]}